instance,c_avg_deg_cons,c_avg_dom_cons,c_avg_domdeg_cons,c_bounds_d,c_bounds_r,c_bounds_z,c_cv_deg_cons,c_cv_dom_cons,c_cv_domdeg_cons,c_domain,c_ent_deg_cons,c_ent_dom_cons,c_ent_domdeg_cons,c_logprod_deg_cons,c_logprod_dom_cons,c_max_deg_cons,c_max_dom_cons,c_max_domdeg_cons,c_min_deg_cons,c_min_dom_cons,c_min_domdeg_cons,c_num_cons,c_priority,c_ratio_cons,c_sum_ari_cons,c_sum_dom_cons,c_sum_domdeg_cons,d_array_cons,d_bool_cons,d_bool_vars,d_float_cons,d_float_vars,d_int_cons,d_int_vars,d_ratio_array_cons,d_ratio_bool_cons,d_ratio_bool_vars,d_ratio_float_cons,d_ratio_float_vars,d_ratio_int_cons,d_ratio_int_vars,d_ratio_set_cons,d_ratio_set_vars,d_set_cons,d_set_vars,gc_diff_globs,gc_global_cons,gc_ratio_diff,gc_ratio_globs,o_deg,o_deg_avg,o_deg_cons,o_deg_std,o_dom,o_dom_avg,o_dom_deg,o_dom_std,s_bool_search,s_first_fail,s_goal,s_indomain_max,s_indomain_min,s_input_order,s_int_search,s_labeled_vars,s_other_val,s_other_var,s_set_search,v_avg_deg_vars,v_avg_dom_vars,v_avg_domdeg_vars,v_cv_deg_vars,v_cv_dom_vars,v_cv_domdeg_vars,v_def_vars,v_ent_deg_vars,v_ent_dom_vars,v_ent_domdeg_vars,v_intro_vars,v_logprod_deg_vars,v_logprod_dom_vars,v_max_deg_vars,v_max_dom_vars,v_max_domdeg_vars,v_min_deg_vars,v_min_dom_vars,v_min_domdeg_vars,v_num_aliases,v_num_consts,v_num_vars,v_ratio_bounded,v_ratio_vars,v_sum_deg_vars,v_sum_dom_vars,v_sum_domdeg_vars
016e1f1c850eeda375804de9af40803a,3.00214,8.57683,3.69481,0,0,0,3.32005,1.78432,0.0822994,0,0.108025,0.108025,0.107473,37709.3,104397,204,1310.96,6.42626,2,7.42626,1,35536,0,1.00113,106160,304786,131299,344,0,35088,0,0,35088,408,0.00968032,0,0.988506,0,0,0.987393,0.0114943,0,0,0,0,0,0,-nan,0,0,0,0,0,0,0,0,0,0,0,1,0,1,1,1,408,0,0,0,3.00552,2.96552,0.999553,3.10262,3.01932,0.00418737,0,0.102838,0.0905439,1.77636e-15,0,37733.3,37709.9,90,86,1,2,2,0.955556,0,0,35496,0,0.998874,106684,105264,35480.1
0381c895ab6628436fa9f4d03da3cd70,2.99187,8.37527,3.60235,0,0,0,2.88494,1.553,0.0946978,0,0.138775,0.138775,0.138031,19430.7,52674.5,156,974.677,6.24793,2,7.24793,1,18091,0,1.00405,53966,151517,65170.2,228,0,17784,0,0,17784,234,0.012603,0,0.987013,0,0,0.98303,0.012987,0,0,0,0,0,0,-nan,0,0,0,0,0,0,0,0,0,0,0,1,0,1,1,1,234,0,0,0,3.004,2.96104,0.999459,2.91372,2.82946,0.0047695,0,0.113306,0.100001,0,0,19260.4,19246,80,76,1,2,2,0.95,0,0,18018,0,0.995965,54126,53352,18008.2
0e5f9c99877a1e10fefed285e150c2a4,3.00289,8.60114,3.69732,0,0,0,3.13237,1.7424,0.0830928,0,0.107504,0.107504,0.106917,51259.3,141572,182,1172.62,6.44294,2,7.44294,1,48119,0,1.00148,143740,413878,177911,522,0,47502,0,0,47502,546,0.0108481,0,0.988636,0,0,0.987178,0.0113636,0,0,0,0,0,0,-nan,0,0,0,0,0,0,0,0,0,0,0,1,0,1,1,1,546,0,0,0,3.00733,2.96591,0.999543,3.12432,3.03765,0.00429737,0,0.10088,0.0897034,0,0,51052.2,51019.8,91,87,1,2,2,0.956044,0,0,48048,0,0.998524,144496,142506,48026.1
12e32b5c557bd1eb9844acbab681faa4,3.76153,4.16887,1.18111,0,0,0,4.14466,4.1895,0.420685,0,0.58641,0.58641,0.556226,110259,121645,558,2180.04,3.90689,2,3,1,71649,0,0.999247,151668,298695,84625.4,63000,0,71145,0,0,8370,558,0.879287,0,0.992218,0,0,0.116819,0.0077821,0,0,0,0,0,0,-nan,0,0,0,0,0,0,0,0,0,0,0,1,0,1,1,1,558,0,0,0,3.7587,2.10117,0.896566,1.24154,0.543669,0.313276,0,0.584672,0.0657019,0.519892,0,98581.5,73325,18,15,1,2,2,0.125,0,0,71703,0,1.00075,269510,150660,64286.4
13b855a3a7f4ecfe9537d0d850c8363f,3.00964,8.17292,3.44879,0,0,0,2.76043,1.74363,0.0912797,0,0.130875,0.130875,0.129908,33792.4,89388,142,845.496,5.9542,2,6.9542,1,31324,0,1.00042,93462,256009,108030,434,0,30814,0,0,30814,497,0.0138552,0,0.984127,0,0,0.983719,0.015873,0,0,0,0,0,0,-nan,0,0,0,0,0,0,0,0,0,0,0,1,0,1,1,1,497,0,0,0,3.01089,2.95238,0.99911,2.64373,2.54,0.00706841,0,0.132547,0.117595,0,0,33814.6,33773.2,66,62,1,2,2,0.939394,0,0,31311,0,0.999585,94274,92442,31283.1
1b10cfa485477050249112b43e92b510,3.0004,8.35757,3.56814,0,0,0,2.83278,1.64484,0.0914668,0,0.129414,0.129414,0.128596,29923.3,80661.4,150,928.474,6.18982,2,7.18982,1,27818,0,1.00245,83011,232491,99258.5,365,0,27375,0,0,27375,375,0.013121,0,0.986486,0,0,0.984075,0.0135135,0,0,0,0,0,0,-nan,0,0,0,0,0,0,0,0,0,0,0,1,0,1,1,1,375,0,0,0,3.00775,2.95946,0.99937,2.86274,2.76997,0.00543827,0,0.117479,0.103275,0,0,29722,29696.2,77,73,1,2,2,0.948052,0,0,27750,0,0.997556,83465,82125,27732.5
1e6b4889d01deb13a4d9d74ab2c16c19,3.00855,8.45445,3.6116,0,0,0,3.18853,1.84454,0.0820487,0,0.107561,0.107561,0.106913,46827.4,127920,188,1178.16,6.26679,2,7.26679,1,43988,0,0.999909,131404,371895,158867,462,0,43428,0,0,43428,564,0.0105029,0,0.987179,0,0,0.987269,0.0128205,0,0,0,0,0,0,-nan,0,0,0,0,0,0,0,0,0,0,0,1,0,1,1,1,564,0,0,0,3.00827,2.96154,0.999421,2.94114,2.84901,0.00512744,0,0.111546,0.0989591,0,0,47000.1,46962.5,81,77,1,2,2,0.950617,0,0,43992,0,1.00009,132340,130284,43966.5
1f3a442491f2ee4569b8329bae60e5d4,3.0234,7.67765,3.14052,0,0,0,2.29344,1.76498,0.102987,0,0.167043,0.167043,0.165383,27163.3,67529.7,98,525.04,5.35755,2,6.35755,1,24659,0,0.998502,73426,189323,77442,492,0,24108,0,0,24108,588,0.0199521,0,0.97619,0,0,0.977655,0.0238095,0,0,0,0,0,0,-nan,0,0,0,0,0,0,0,0,0,0,0,1,0,1,1,1,588,0,0,0,3.01887,2.92857,0.997986,2.16116,2.03026,0.0129925,0,0.180568,0.162326,0,0,27333.3,27258.2,45,41,1,2,2,0.911111,0,0,24696,0,1.0015,74554,72324,24646.3
21bb7ba271f0e8dcd91498fa3ddfdb57,3.00461,8.31375,3.54056,0,0,0,2.93134,1.72409,0.0891305,0,0.125289,0.125289,0.124475,30504.4,82066.7,160,980.685,6.12928,2,7.12928,1,28433,0,1.00116,84866,236385,100669,350,0,28000,0,0,28000,400,0.0123096,0,0.985915,0,0,0.984771,0.0140845,0,0,0,0,0,0,-nan,0,0,0,0,0,0,0,0,0,0,0,1,0,1,1,1,400,0,0,0,3.0081,2.95775,0.999316,2.80396,2.70918,0.00577883,0,0.121539,0.106792,1.77636e-15,0,30480.4,30451.7,74,70,1,2,2,0.945946,0,0,28400,0,0.998839,85430,84000,28380.6
26415139cb3c39178464cf03651dc427,3.00152,8.32388,3.54851,0,0,0,2.8334,1.6601,0.0914911,0,0.130095,0.130095,0.129254,29111,78249.2,150,922.462,6.14975,2,7.14975,1,27058,0,1.00215,80741,225228,96015.7,355,0,26625,0,0,26625,375,0.01312,0,0.986111,0,0,0.983997,0.0138889,0,0,0,0,0,0,-nan,0,0,0,0,0,0,0,0,0,0,0,1,0,1,1,1,375,0,0,0,3.00796,2.95833,0.999335,2.82366,2.7296,0.00566002,0,0.12019,0.105591,1.77636e-15,0,28957.7,28931.2,75,71,1,2,2,0.946667,0,0,27000,0,0.997856,81215,79875,26982
2951017df68b0e55bc4f4eb21e7d23d7,3.0045,8.29749,3.52669,0,0,0,2.81626,1.69413,0.090719,0,0.128025,0.128025,0.127164,33504.5,89758.2,148,904.062,6.10852,2,7.10852,1,31128,0,1.00154,92892,258284,109779,414,0,30636,0,0,30636,444,0.0132999,0,0.985714,0,0,0.984194,0.0142857,0,0,0,0,0,0,-nan,0,0,0,0,0,0,0,0,0,0,0,1,0,1,1,1,444,0,0,0,3.00914,2.95714,0.999285,2.78576,2.68862,0.00599621,0,0.122248,0.108023,0,0,33381.1,33348.2,73,69,1,2,2,0.945205,0,0,31080,0,0.998458,93524,91908,31057.8
29f48726dd988e770190b5a3b851c2a2,2.99986,8.39193,3.58768,0,0,0,2.85198,1.64127,0.0909455,0,0.127688,0.127688,0.126899,31121.1,84161.7,152,946.78,6.22882,2,7.22882,1,28954,0,1.00256,86408,242980,103878,375,0,28500,0,0,28500,380,0.0129516,0,0.986842,0,0,0.98432,0.0131579,0,0,0,0,0,0,-nan,0,0,0,0,0,0,0,0,0,0,0,1,0,1,1,1,380,0,0,0,3.00755,2.96053,0.999402,2.90131,2.80977,0.00523105,0,0.114886,0.101067,0,0,30892.5,30867,79,75,1,2,2,0.949367,0,0,28880,0,0.997444,86858,85500,28862.7
2ae51ca5fe1129bf40f16cc8fada988b,3.01113,8.09558,3.39387,0,0,0,2.55884,1.73814,0.0947758,0,0.137504,0.137504,0.136482,46935.1,122594,122,714.674,5.85798,2,6.85798,1,43223,0,1.00081,128902,349915,146693,696,0,42456,0,0,42456,732,0.0161025,0,0.983051,0,0,0.982255,0.0169492,0,0,0,0,0,0,-nan,0,0,0,0,0,0,0,0,0,0,0,1,0,1,1,1,732,0,0,0,3.01357,2.94915,0.998958,2.56151,2.45105,0.00798384,0,0.136588,0.12395,0,0,46811,46744,62,58,1,2,2,0.935484,0,0,43188,0,0.99919,130150,127368,43143
2b9360b6831874d7f783485ca6ed5e8a,3.01561,7.7476,3.18967,0,0,0,2.26264,1.6914,0.104703,0,0.169313,0.169313,0.167706,26210.6,65644.9,96,524.105,5.45943,2,6.45943,1,23773,0,1.00055,70778,184184,75827.9,484,0,23232,0,0,23232,528,0.0203592,0,0.977778,0,0,0.977243,0.0222222,0,0,0,0,0,0,-nan,0,0,0,0,0,0,0,0,0,0,0,1,0,1,1,1,528,0,0,0,3.01726,2.93333,0.998245,2.23648,2.11058,0.0117297,0,0.171519,0.153742,0,0,26177.3,26114.6,48,44,1,2,2,0.916667,0,0,23760,0,0.999453,71690,69696,23718.3
2f7075fb52c74d72ec48fb6852628f7e,3.00284,8.47235,3.62579,0,0,0,2.96868,1.70609,0.0868677,0,0.117004,0.117004,0.116306,42208.6,115068,164,1033.82,6.30378,2,7.30378,1,39428,0,1.00173,117724,334048,142958,474,0,38868,0,0,38868,492,0.0120219,0,0.9875,0,0,0.985797,0.0125,0,0,0,0,0,0,-nan,0,0,0,0,0,0,0,0,0,0,0,1,0,1,1,1,492,0,0,0,3.00803,2.9625,0.99945,2.9786,2.88773,0.00493774,0,0.109312,0.0969446,0,0,42001.4,41969.5,83,79,1,2,2,0.951807,0,0,39360,0,0.998275,118396,116604,39338.3
3140c72883fe16cc1957d5bba0a3f5da,3.00794,8.05789,3.38461,0,0,0,2.57232,1.67618,0.0966225,0,0.145011,0.145011,0.143855,27387.7,71406.2,124,723.278,5.83289,2,6.83289,1,25204,0,1.00127,75146,203091,85305.8,399,0,24738,0,0,24738,434,0.0158308,0,0.982759,0,0,0.981511,0.0172414,0,0,0,0,0,0,-nan,0,0,0,0,0,0,0,0,0,0,0,1,0,1,1,1,434,0,0,0,3.01176,2.94828,0.998955,2.53635,2.42831,0.00796118,0,0.142064,0.125658,0,0,27308.6,27269.5,61,57,1,2,2,0.934426,0,0,25172,0,0.99873,75812,74214,25145.7
39da1bf311b580b6eca858db9db73304,3.00121,8.494,3.64991,0,0,0,3.16543,1.73429,0.0854908,0,0.115739,0.115739,0.11511,32549.3,89322.5,186,1179.21,6.33985,2,7.33985,1,30551,0,1.00154,91234,259500,111508,324,0,30132,0,0,30132,372,0.0106052,0,0.987805,0,0,0.986285,0.0121951,0,0,0,0,0,0,-nan,0,0,0,0,0,0,0,0,0,0,0,1,0,1,1,1,372,0,0,0,3.00584,2.96341,0.999498,3.01171,2.92593,0.00456461,0,0.108126,0.0950172,0,0,32513,32490.4,85,81,1,2,2,0.952941,0,0,30504,0,0.998462,91690,90396,30488.7
3cd01c8a41e91264d6750b4065a48b20,3.01024,8.17775,3.44608,0,0,0,2.70198,1.74445,0.0916369,0,0.130338,0.130338,0.129386,41676.9,110089,136,809.771,5.9542,2,6.9542,1,38577,0,1.00054,115098,315473,132940,558,0,37944,0,0,37944,612,0.0144646,0,0.984127,0,0,0.983591,0.015873,0,0,0,0,0,0,-nan,0,0,0,0,0,0,0,0,0,0,0,1,0,1,1,1,612,0,0,0,3.01188,2.95238,0.999096,2.64544,2.54,0.00717329,0,0.131037,0.117595,0,0,41639.8,41588,66,62,1,2,2,0.939394,0,0,38556,0,0.999456,116126,113832,38521.1
3e34b416365efdc887ca74e665ae01fe,2.99726,7.9944,3.37466,0,0,0,2.49796,1.54636,0.103129,0,0.164718,0.164718,0.16344,14728.4,38237.1,118,685.268,5.80735,2,6.80735,1,13501,0,1.00364,40218,107932,45561.2,224,0,13216,0,0,13216,236,0.0165914,0,0.982456,0,0,0.97889,0.0175439,0,0,0,0,0,0,-nan,0,0,0,0,0,0,0,0,0,0,0,1,0,1,1,1,236,0,0,0,3.00818,2.94737,0.998979,2.50811,2.40535,0.00773155,0,0.146836,0.127419,0,0,14607,14586.5,60,56,1,2,2,0.933333,0,0,13452,0,0.996371,40466,39648,13438.3
3e9b9747de0898cc3ed4bf064de32e91,3.00554,7.52303,3.08235,0,0,0,2.04284,1.51823,0.116486,0,0.210038,0.210038,0.207645,10504.8,25597.7,80,419.834,5.24793,2,6.24793,1,9392,0,1.00342,27904,70656.3,28949.5,228,0,9120,0,0,9120,240,0.024276,0,0.974359,0,0,0.971039,0.025641,0,0,0,0,0,0,-nan,0,0,0,0,0,0,0,0,0,0,0,1,0,1,1,1,240,0,0,0,3.01581,2.92308,0.997775,2.07653,1.94666,0.0138679,0,0.198855,0.172037,0,0,10411,10379.5,42,38,1,2,2,0.904762,0,0,9360,0,0.996593,28228,27360,9339.18
40b8adf5843c290ebacaa73367e47a9d,3.00791,8.57064,3.67374,0,0,0,3.25778,1.85298,0.0796554,0,0.100583,0.100583,0.100017,61928.5,170885,196,1252.89,6.39232,2,7.39232,1,58315,0,1.00009,174254,499797,214234,588,0,57624,0,0,57624,686,0.0100832,0,0.988235,0,0,0.988151,0.0117647,0,0,0,0,0,0,-nan,0,0,0,0,0,0,0,0,0,0,0,1,0,1,1,1,686,0,0,0,3.00816,2.96471,0.999505,3.07168,2.98231,0.004576,0,0.103138,0.0922772,1.77636e-15,0,62051.7,62009.1,88,84,1,2,2,0.954545,0,0,58310,0,0.999914,175406,172872,58281.1
456cea97cdfb9e8e4fe856df8f8202da,2.99833,8.75489,3.79484,0,0,0,3.33441,1.71355,0.0815354,0,0.104093,0.104093,0.103617,43764.9,122836,206,1365.65,6.62936,2,7.62936,1,41289,0,1.00216,123366,361481,156685,396,0,40788,0,0,40788,412,0.00959093,0,0.99,0,0,0.987866,0.01,0,0,0,0,0,0,-nan,0,0,0,0,0,0,0,0,0,0,0,1,0,1,1,1,412,0,0,0,3.00481,2.97,0.999661,3.32728,3.24962,0.00341327,0,0.0914839,0.0807931,-1.77636e-15,0,43539.8,43519.3,103,99,1,2,2,0.961165,0,0,41200,0,0.997844,123798,122364,41186
45d4a61f3600258bd01c642e8a59a6a1,3.01472,7.62505,3.11449,0,0,0,2.09211,1.67655,0.110888,0,0.186787,0.186787,0.18498,26235.2,64485,82,436.398,5.32193,2,6.32193,1,23573,0,1.00166,70106,179745,73417.8,560,0,22960,0,0,22960,574,0.023756,0,0.97561,0,0,0.973996,0.0243902,0,0,0,0,0,0,-nan,0,0,0,0,0,0,0,0,0,0,0,1,0,1,1,1,574,0,0,0,3.01972,2.92683,0.997882,2.13582,2.00278,0.0134949,0,0.183305,0.165427,1.77636e-15,0,26090.1,26014.8,44,40,1,2,2,0.909091,0,0,23534,0,0.998346,71066,68880,23484.1
4a686d966b7b6f6f100e625e1591d838,3.01065,7.2789,2.92938,0,0,0,1.85036,1.5073,0.124087,0,0.240036,0.240036,0.236812,8413.74,19772.2,66,326.977,4.9542,2,5.9542,1,7416,0,1.00325,21993,53980.3,21724.3,217,0,7161,0,0,7161,231,0.0292611,0,0.96875,0,0,0.965615,0.03125,0,0,0,0,0,0,-nan,0,0,0,0,0,0,0,0,0,0,0,1,0,1,1,1,231,0,0,0,3.02043,2.90625,0.996711,1.88126,1.73618,0.0185239,0,0.23224,0.200622,0,0,8342.51,8305.42,35,31,1,2,2,0.885714,0,0,7392,0,0.996764,22327,21483,7367.69
4f17a4194e167d5f92b88b3bdaea695e,3.00832,7.9612,3.33311,0,0,0,2.52785,1.66411,0.0989318,0,0.153446,0.153446,0.152145,21204.4,54758.7,120,687.35,5.72792,2,6.72792,1,19462,0,1.00113,58004,154941,64868.9,318,0,19080,0,0,19080,360,0.0163395,0,0.981481,0,0,0.980372,0.0185185,0,0,0,0,0,0,-nan,0,0,0,0,0,0,0,0,0,0,0,1,0,1,1,1,360,0,0,0,3.01173,2.94444,0.998813,2.44571,2.33513,0.00872475,0,0.151748,0.13304,0,0,21176.5,21142.1,57,53,1,2,2,0.929825,0,0,19440,0,0.99887,58548,57240,19416.9
5289930f6faebc12e6bde4f57b18286c,3.00442,7.76655,3.22446,0,0,0,2.24786,1.56012,0.108414,0,0.181191,0.181191,0.179442,14990.9,37715.7,96,530.262,5.52356,2,6.52356,1,13576,0,1.00296,40400,105439,43775.3,276,0,13248,0,0,13248,288,0.02033,0,0.978723,0,0,0.97584,0.0212766,0,0,0,0,0,0,-nan,0,0,0,0,0,0,0,0,0,0,0,1,0,1,1,1,288,0,0,0,3.0133,2.93617,0.998448,2.28087,2.16248,0.010637,0,0.170433,0.148549,0,0,14870.3,14838.8,50,46,1,2,2,0.92,0,0,13536,0,0.997054,40788,39744,13515
53487fa47d09ec74bf2eb0a58b46b781,3.02882,7.41621,2.97536,0,0,0,2.03028,1.78017,0.112623,0,0.198245,0.198245,0.19611,24550.3,58689,76,383.374,5.04439,2,6.04439,1,21932,0,0.998543,65182,162652,65255.5,561,0,21318,0,0,21318,646,0.0255791,0,0.970588,0,0,0.972004,0.0294118,0,0,0,0,0,0,-nan,0,0,0,0,0,0,0,0,0,0,0,1,0,1,1,1,646,0,0,0,3.0244,2.91176,0.996945,1.94588,1.7988,0.017685,0,0.211493,0.191433,0,0,24679,24576.7,37,33,1,2,2,0.891892,0,0,21964,0,1.00146,66428,63954,21896.9
5789eaeb5d712caba70e3fd1348f48d6,3.00852,8.57242,3.67427,0,0,0,3.29212,1.87201,0.0789725,0,0.0992385,0.0992385,0.0986808,63129.4,174309,200,1278.46,6.39232,2,7.39232,1,59493,0,0.999882,177786,509999,218593,588,0,58800,0,0,58800,700,0.00988352,0,0.988235,0,0,0.988352,0.0117647,0,0,0,0,0,0,-nan,0,0,0,0,0,0,0,0,0,0,0,1,0,1,1,1,700,0,0,0,3.00817,2.96471,0.999505,3.07169,2.98231,0.00457642,0,0.103126,0.0922772,0,0,63318.1,63274.6,88,84,1,2,2,0.954545,0,0,59500,0,1.00012,178986,176400,59470.5
5822a07070e3663854cfb6c1f2bfb2c8,3.01137,8.17768,3.45015,0,0,0,2.8211,1.78008,0.0896853,0,0.127378,0.127378,0.12644,35132.1,93076.3,148,881.221,5.9542,2,6.9542,1,32629,0,0.999847,97374,266829,112575,434,0,32116,0,0,32116,518,0.0133011,0,0.984127,0,0,0.984278,0.015873,0,0,0,0,0,0,-nan,0,0,0,0,0,0,0,0,0,0,0,1,0,1,1,1,518,0,0,0,3.01091,2.95238,0.99911,2.64376,2.54,0.00707022,0,0.132504,0.117595,0,0,35243.4,35200.3,66,62,1,2,2,0.939394,0,0,32634,0,1.00015,98258,96348,32604.9
5b7ff7f48812ead87fc6dff07e6bdc2d,3.0071,8.48163,3.63227,0,0,0,3.27304,1.84802,0.0816108,0,0.107063,0.107063,0.106449,42079.7,115424,198,1248.15,6.30378,2,7.30378,1,39602,0,1.00005,118309,335890,143845,395,0,39105,0,0,39105,495,0.00997424,0,0.9875,0,0,0.98745,0.0125,0,0,0,0,0,0,-nan,0,0,0,0,0,0,0,0,0,0,0,1,0,1,1,1,495,0,0,0,3.00725,2.9625,0.999459,2.97707,2.88773,0.00486017,0,0.109882,0.0969446,1.77636e-15,0,42257,42225.4,83,79,1,2,2,0.951807,0,0,39600,0,0.999949,119087,117315,39578.6
5c0825adba971ecb0e4453aba7b6097d,3.01738,7.78684,3.20236,0,0,0,2.26075,1.81878,0.103636,0,0.162518,0.162518,0.161255,52417.8,131620,94,516.234,5.49185,2,6.49185,1,47587,0,1.00048,141704,370552,152391,990,0,46530,0,0,46530,1034,0.020804,0,0.978261,0,0,0.977788,0.0217391,0,0,0,0,0,0,-nan,0,0,0,0,0,0,0,0,0,0,0,1,0,1,1,1,1034,0,0,0,3.01884,2.93478,0.998281,2.26404,2.13669,0.0115943,0,0.163736,0.151097,0,0,52331.5,52208.6,49,45,1,2,2,0.918367,0,0,47564,0,0.999517,143588,139590,47482.2
5ed67b8005759d917e6956412faba0e3,3.0072,8.43532,3.59866,0,0,0,3.02755,1.78293,0.0846422,0,0.1124,0.1124,0.111707,48994.1,133231,170,1062.15,6.24793,2,7.24793,1,45842,0,1.00059,136904,386692,164970,532,0,45220,0,0,45220,595,0.0116051,0,0.987013,0,0,0.986432,0.012987,0,0,0,0,0,0,-nan,0,0,0,0,0,0,0,0,0,0,0,1,0,1,1,1,595,0,0,0,3.00897,2.96104,0.999399,2.92332,2.82946,0.00528346,0,0.11209,0.100001,0,0,48978.2,48937.5,80,76,1,2,2,0.95,0,0,45815,0,0.999411,137856,135660,45787.5
5f8ab8001b132f8374c4be2e9d828dbb,3.01177,7.87448,3.27053,0,0,0,2.37591,1.6735,0.101578,0,0.159455,0.159455,0.158031,26169.7,66653.3,106,595.159,5.61471,2,6.61471,1,23874,0,1.00101,71121,187995,78080.7,441,0,23373,0,0,23373,477,0.018472,0,0.98,0,0,0.979015,0.02,0,0,0,0,0,0,-nan,0,0,0,0,0,0,0,0,0,0,0,1,0,1,1,1,477,0,0,0,3.0148,2.94,0.998583,2.35634,2.2381,0.00999912,0,0.158777,0.141441,0,0,26101.8,26051.2,53,49,1,2,2,0.924528,0,0,23850,0,0.998995,71903,70119,23816.2
603fd0a40b44c2aeaf41254a08009e35,3.00503,8.17562,3.46275,0,0,0,2.776,1.69153,0.093144,0,0.136608,0.136608,0.135631,24888.1,65966,144,860.728,5.97728,2,6.97728,1,23070,0,1.0013,68820,188611,79885.7,315,0,22680,0,0,22680,360,0.0136541,0,0.984375,0,0,0.983095,0.015625,0,0,0,0,0,0,-nan,0,0,0,0,0,0,0,0,0,0,0,1,0,1,1,1,360,0,0,0,3.00894,2.95312,0.999162,2.66156,2.56176,0.00671698,0,0.13258,0.116115,0,0,24860.4,24831.8,67,63,1,2,2,0.940299,0,0,23040,0,0.9987,69326,68040,23020.7
6045fef9ae70edffc7f8e777b8ae3a20,3.03471,6.73224,2.5542,0,0,0,1.53593,1.80315,0.142183,0,0.32055,0.32055,0.316119,10850.7,23100.1,46,195.405,4.24793,2,5.24793,1,9218,0,1.00196,27176,62057.8,23544.6,437,0,8740,0,0,8740,460,0.0474072,0,0.95,0,0,0.948145,0.05,0,0,0,0,0,0,-nan,0,0,0,0,0,0,0,0,0,0,0,1,0,1,1,1,460,0,0,0,3.04065,2.85,0.991657,1.49212,1.30002,0.0368409,0,0.322716,0.286397,0,0,10815.3,10694,23,19,1,2,2,0.826087,0,0,9200,0,0.998047,27974,26220,9123.24
632f3e564110652ce2cac01187c4d9fd,2.99714,7.84592,3.29091,0,0,0,2.36139,1.51869,0.107729,0,0.179837,0.179837,0.17829,11921.8,30418.5,106,598.249,5.64386,2,6.64386,1,10855,0,1.00398,32310,85167.5,35722.8,200,0,10600,0,0,10600,212,0.0184247,0,0.980392,0,0,0.976509,0.0196078,0,0,0,0,0,0,-nan,0,0,0,0,0,0,0,0,0,0,0,1,0,1,1,1,212,0,0,0,3.00906,2.94118,0.998732,2.37135,2.26274,0.00907324,0,0.161114,0.139233,0,0,11817,11796.5,54,50,1,2,2,0.925926,0,0,10812,0,0.996039,32534,31800,10798.3
6418e72fbd0d208cb23719316e8a8210,3.00301,8.0613,3.39978,0,0,0,2.58892,1.62389,0.0983991,0,0.150821,0.150821,0.149652,20237.3,52885.7,126,738.106,5.85798,2,6.85798,1,18626,0,1.00221,55522,150150,63324.3,290,0,18270,0,0,18270,315,0.0155696,0,0.983051,0,0,0.980887,0.0169492,0,0,0,0,0,0,-nan,0,0,0,0,0,0,0,0,0,0,0,1,0,1,1,1,315,0,0,0,3.00963,2.94915,0.999019,2.55494,2.45105,0.00755193,0,0.141969,0.12395,0,0,20142.4,20115.3,62,58,1,2,2,0.935484,0,0,18585,0,0.997799,55934,54810,18566.8
658913df78f17db0eb37f4e060e86ae3,3.00069,8.56102,3.68087,0,0,0,3.07683,1.69808,0.0854751,0,0.113636,0.113636,0.113012,40464.1,111370,176,1128.05,6.40939,2,7.40939,1,37916,0,1.00201,113232,324600,139564,425,0,37400,0,0,37400,440,0.011209,0,0.988372,0,0,0.986391,0.0116279,0,0,0,0,0,0,-nan,0,0,0,0,0,0,0,0,0,0,0,1,0,1,1,1,440,0,0,0,3.00671,2.96512,0.999531,3.08696,3.00087,0.00436955,0,0.103511,0.0914016,1.77636e-15,0,40246.3,40220.1,89,85,1,2,2,0.955056,0,0,37840,0,0.997996,113774,112200,37822.2
6802dc661d224ca2ae97b51c317c6ef5,3.00713,8.24836,3.49347,0,0,0,2.77903,1.7195,0.0907956,0,0.128359,0.128359,0.127459,36427.8,97051,144,870.393,6.04439,2,7.04439,1,33803,0,1.00104,100870,278819,118090,462,0,33264,0,0,33264,504,0.0136674,0,0.985075,0,0,0.984055,0.0149254,0,0,0,0,0,0,-nan,0,0,0,0,0,0,0,0,0,0,0,1,0,1,1,1,504,0,0,0,3.01025,2.95522,0.999211,2.72652,2.62595,0.00646433,0,0.125956,0.11191,0,0,36349.9,36310.4,70,66,1,2,2,0.942857,0,0,33768,0,0.998965,101650,99792,33741.4
6da2659c370e01c1d66413d0ef628522,3.01776,7.56958,3.07508,0,0,0,2.05391,1.74811,0.112135,0,0.19032,0.19032,0.188567,32286.6,78694.8,78,409.338,5.24793,2,6.24793,1,28936,0,1.00128,86030,219033,88980.5,722,0,28158,0,0,28158,741,0.0249516,0,0.974359,0,0,0.973113,0.025641,0,0,0,0,0,0,-nan,0,0,0,0,0,0,0,0,0,0,0,1,0,1,1,1,741,0,0,0,3.02163,2.92308,0.997647,2.08432,1.94666,0.0146027,0,0.188609,0.172037,0,0,32149.7,32046.7,42,38,1,2,2,0.904762,0,0,28899,0,0.998721,87322,84474,28831
710654584cc1e782ab622fbd7131a3e9,3.00287,7.87069,3.28559,0,0,0,2.31961,1.564,0.105844,0,0.171865,0.171865,0.170321,17214.3,43851.6,102,575.673,5.64386,2,6.64386,1,15655,0,1.00314,46610,123216,51435.9,300,0,15300,0,0,15300,306,0.0191632,0,0.980392,0,0,0.977324,0.0196078,0,0,0,0,0,0,-nan,0,0,0,0,0,0,0,0,0,0,0,1,0,1,1,1,306,0,0,0,3.0123,2.94118,0.998675,2.37639,2.26274,0.00946236,0,0.159297,0.139233,0,0,17057.9,17027,54,50,1,2,2,0.925926,0,0,15606,0,0.99687,47010,45900,15585.3
71301f582da0ed35e1dd2b3036d0a2e4,3.72848,4.16716,1.19205,0,0,0,3.47178,3.54574,0.411781,0,0.647836,0.647836,0.608084,59578.9,66265.2,394,1457.97,3.70044,2,3,1,38781,0,0.999279,82684,161607,46228.8,33462,0,38415,0,0,5122,394,0.862845,0,0.989848,0,0,0.132075,0.0101523,0,0,0,0,0,0,-nan,0,0,0,0,0,0,0,0,0,0,0,1,0,1,1,1,394,0,0,0,3.72579,2.11168,0.884977,1.13916,0.522194,0.327672,0,0.64339,0.081801,0.562843,0,54369.9,39873,16,13,1,2,2,0.142857,0,0,38809,0,1.00072,144594,81952,34345.1
75dfb3adbc72fdced789bb28b37e328b,3.02645,7.36987,2.9516,0,0,0,1.96861,1.72514,0.115626,0,0.208504,0.208504,0.206129,20019.7,47521.6,72,360,5,2,6,1,17809,0,0.999383,52898,131250,52565,480,0,17280,0,0,17280,540,0.0269527,0,0.969697,0,0,0.970296,0.030303,0,0,0,0,0,0,-nan,0,0,0,0,0,0,0,0,0,0,0,1,0,1,1,1,540,0,0,0,3.02458,2.90909,0.996779,1.91641,1.76777,0.0183723,0,0.217969,0.195909,0,0,20067.6,19980,36,32,1,2,2,0.888889,0,0,17820,0,1.00062,53898,51840,17762.6
815f5aa61bfb77f8b9ae695b0dee8af4,3.00321,7.81464,3.25928,0,0,0,2.34207,1.56817,0.106398,0,0.17611,0.17611,0.174491,14044.3,35636.1,104,580.836,5.58496,2,6.58496,1,12775,0,1.00275,38030,99832,41637.3,240,0,12480,0,0,12480,260,0.0187867,0,0.979592,0,0,0.976908,0.0204082,0,0,0,0,0,0,-nan,0,0,0,0,0,0,0,0,0,0,0,1,0,1,1,1,260,0,0,0,3.01146,2.93878,0.998592,2.32711,2.21318,0.00986167,0,0.16573,0.143726,0,0,13958.9,13932.1,52,48,1,2,2,0.923077,0,0,12740,0,0.99726,38366,37440,12722.1
81b70d52f174f21d57f5eaf5b4495924,3.00383,7.92431,3.31555,0,0,0,2.39048,1.58847,0.103384,0,0.164612,0.164612,0.163185,18867.3,48400.2,108,615.647,5.70044,2,6.70044,1,17218,0,1.00268,51284,136441,57087.1,312,0,16848,0,0,16848,324,0.0181206,0,0.981132,0,0,0.978511,0.0188679,0,0,0,0,0,0,-nan,0,0,0,0,0,0,0,0,0,0,0,1,0,1,1,1,324,0,0,0,3.01188,2.9434,0.99877,2.42277,2.31125,0.00895598,0,0.154253,0.135036,0,0,18726.5,18694.9,56,52,1,2,2,0.928571,0,0,17172,0,0.997328,51720,50544,17150.9
825a7caad0b94c004f50881c174cacf8,2.99078,8.28162,3.5518,0,0,0,2.76697,1.52196,0.0978741,0,0.147679,0.147679,0.146832,16848.1,45225.3,144,885.564,6.14975,2,7.14975,1,15622,0,1.0045,46580,129375,55486.2,213,0,15336,0,0,15336,216,0.0136346,0,0.986111,0,0,0.981692,0.0138889,0,0,0,0,0,0,-nan,0,0,0,0,0,0,0,0,0,0,0,1,0,1,1,1,216,0,0,0,3.00424,2.95833,0.999383,2.81672,2.7296,0.00525887,0,0.119913,0.105591,0,0,16678.5,16664.3,75,71,1,2,2,0.946667,0,0,15552,0,0.995519,46722,46008,15542.4
83ac72febb577a60cdb9f897e18b96e4,3.0082,8.45347,3.61131,0,0,0,3.17084,1.83454,0.0824129,0,0.108304,0.108304,0.107651,46354.6,126585,186,1165.62,6.26679,2,7.26679,1,43525,0,1.00002,130016,367937,157182,462,0,42966,0,0,42966,558,0.0106146,0,0.987179,0,0,0.987157,0.0128205,0,0,0,0,0,0,-nan,0,0,0,0,0,0,0,0,0,0,0,1,0,1,1,1,558,0,0,0,3.00827,2.96154,0.999421,2.94113,2.84901,0.00512717,0,0.111553,0.0989591,0,0,46500.1,46462.9,81,77,1,2,2,0.950617,0,0,43524,0,0.999977,130932,128898,43498.8
8fde6b9ec610163876f6c1fd9fba7639,3.0049,8.68498,3.73729,0,0,0,3.22219,1.7966,0.0797366,0,0.0987766,0.0987766,0.0982619,75935.6,211265,192,1252.52,6.52356,2,7.52356,1,71494,0,1.00098,213644,620924,267194,736,0,70656,0,0,70656,768,0.0102946,0,0.989247,0,0,0.988279,0.0107527,0,0,0,0,0,0,-nan,0,0,0,0,0,0,0,0,0,0,0,1,0,1,1,1,768,0,0,0,3.00784,2.96774,0.999581,3.21393,3.12772,0.00404542,0,0.0951201,0.0857427,0,0,75710.1,75666.1,96,92,1,2,2,0.958333,0,0,71424,0,0.999021,214832,211968,71394.1
90a4e8c1751ac908f325c6491e35f8c3,3.01272,8.04958,3.3731,0,0,0,2.64,1.7474,0.0938605,0,0.138421,0.138421,0.137309,32123.2,83761.2,130,754.956,5.80735,2,6.80735,1,29639,0,0.999966,88398,238582,99975.4,448,0,29120,0,0,29120,520,0.0151152,0,0.982456,0,0,0.982489,0.0175439,0,0,0,0,0,0,-nan,0,0,0,0,0,0,0,0,0,0,0,1,0,1,1,1,520,0,0,0,3.01262,2.94737,0.998908,2.51542,2.40535,0.00823618,0,0.143145,0.127419,0,0,32188,32139.8,60,56,1,2,2,0.933333,0,0,29640,0,1.00003,89294,87360,29607.6
91b930ecb6de218997790056b0381cbc,2.99332,8.49711,3.66785,0,0,0,3.05346,1.599,0.090528,0,0.127593,0.127593,0.126967,23504.5,64523.5,174,1109.26,6.37504,2,7.37504,1,22000,0,1.00347,65663,186937,80692.7,249,0,21663,0,0,21663,261,0.0113182,0,0.988095,0,0,0.984682,0.0119048,0,0,0,0,0,0,-nan,0,0,0,0,0,0,0,0,0,0,0,1,0,1,1,1,261,0,0,0,3.00369,2.96429,0.999544,3.04433,2.96364,0.00420134,0,0.105266,0.0931713,1.77636e-15,0,23341.6,23326.9,87,83,1,2,2,0.954023,0,0,21924,0,0.996545,65853,64989,21914
922d901a26fe183dae81467aa31770f0,3.00235,8.4877,3.6347,0,0,0,2.9684,1.69894,0.0868667,0,0.116757,0.116757,0.116068,42738.8,116658,164,1036.8,6.32193,2,7.32193,1,39926,0,1.00186,119212,338880,145119,480,0,39360,0,0,39360,492,0.0120222,0,0.987654,0,0,0.985824,0.0123457,0,0,0,0,0,0,-nan,0,0,0,0,0,0,0,0,0,0,0,1,0,1,1,1,492,0,0,0,3.00793,2.96296,0.999463,2.9972,2.90689,0.00484889,0,0.108185,0.0959704,0,0,42502,42470.4,84,80,1,2,2,0.952381,0,0,39852,0,0.998147,119872,118080,39830.6
93bfbd255d53bdd2ae19786f6317f21b,3.00452,8.28048,3.51362,0,0,0,2.73734,1.67847,0.091939,0,0.130165,0.130165,0.129274,36543,97556.4,140,852.245,6.08746,2,7.08746,1,33871,0,1.0018,101062,280468,119010,476,0,33320,0,0,33320,490,0.0140533,0,0.985507,0,0,0.983732,0.0144928,0,0,0,0,0,0,-nan,0,0,0,0,0,0,0,0,0,0,0,1,0,1,1,1,490,0,0,0,3.00994,2.95652,0.999255,2.76696,2.66789,0.00619246,0,0.122952,0.109286,0,0,36340.2,36302.9,72,68,1,2,2,0.944444,0,0,33810,0,0.998199,101766,99960,33784.8
97ad3cebcda09a66e725e5721c5fc611,3.01243,7.95197,3.31726,0,0,0,2.51068,1.70817,0.0977195,0,0.149305,0.149305,0.148025,27271.4,70245.6,118,672.652,5.70044,2,6.70044,1,25025,0,1.00036,74594,198998,83014.3,416,0,24544,0,0,24544,472,0.0166234,0,0.981132,0,0,0.980779,0.0188679,0,0,0,0,0,0,-nan,0,0,0,0,0,0,0,0,0,0,0,1,0,1,1,1,472,0,0,0,3.01351,2.9434,0.998743,2.42535,2.31125,0.00914252,0,0.152088,0.135036,0,0,27281.6,27234.6,56,52,1,2,2,0.928571,0,0,25016,0,0.99964,75386,73632,24984.6
99a4207dd4c320fc2e1750c631599bfa,3.00623,8.44994,3.60758,0,0,0,3.00857,1.7646,0.0850793,0,0.113053,0.113053,0.112363,49081.8,133590,168,1052.82,6.26679,2,7.26679,1,45904,0,1.00087,137084,387886,165602,539,0,45276,0,0,45276,588,0.0117419,0,0.987179,0,0,0.986319,0.0128205,0,0,0,0,0,0,-nan,0,0,0,0,0,0,0,0,0,0,0,1,0,1,1,1,588,0,0,0,3.00885,2.96154,0.999414,2.94225,2.84901,0.00518454,0,0.110902,0.0989591,1.77636e-15,0,49000.6,48960.9,81,77,1,2,2,0.950617,0,0,45864,0,0.999129,137998,135828,45837.1
9d644c13f0e5477f31b81856ec1200e9,3.00494,8.52998,3.65326,0,0,0,3.06263,1.75878,0.0838298,0,0.109343,0.109343,0.108711,54008.3,148099,174,1106.21,6.35755,2,7.35755,1,50604,0,1.00113,151146,431651,184870,574,0,49938,0,0,49938,609,0.011343,0,0.987952,0,0,0.986839,0.0120482,0,0,0,0,0,0,-nan,0,0,0,0,0,0,0,0,0,0,0,1,0,1,1,1,609,0,0,0,3.00833,2.96386,0.999481,3.03523,2.94484,0.00473544,0,0.105284,0.0940844,0,0,53848.4,53809.7,86,82,1,2,2,0.953488,0,0,50547,0,0.998874,152062,149814,50520.8
a157f02f071eaf2286ff7503aca45b9c,3.00802,7.66359,3.15367,0,0,0,2.12731,1.57409,0.11138,0,0.189913,0.189913,0.187958,16484.2,40823.1,86,463.739,5.39232,2,6.39232,1,14833,0,1.00277,44114,113674,46778.3,336,0,14448,0,0,14448,344,0.0226522,0,0.976744,0,0,0.974044,0.0232558,0,0,0,0,0,0,-nan,0,0,0,0,0,0,0,0,0,0,0,1,0,1,1,1,344,0,0,0,3.01636,2.93023,0.998118,2.18382,2.05738,0.0123118,0,0.181027,0.15935,0,0,16344.9,16303,46,42,1,2,2,0.913043,0,0,14792,0,0.997236,44618,43344,14764.2
a793f65863b8b04a0caeb25718d4f526,3.00685,8.20878,3.46854,0,0,0,2.67831,1.69589,0.0928895,0,0.132942,0.132942,0.131988,37723.3,99911.5,134,804,6,2,7,1,34889,0,1.00141,104082,286396,121014,512,0,34304,0,0,34304,536,0.0146751,0,0.984615,0,0,0.983233,0.0153846,0,0,0,0,0,0,-nan,0,0,0,0,0,0,0,0,0,0,0,1,0,1,1,1,536,0,0,0,3.01108,2.95385,0.999156,2.68636,2.58333,0.00680998,0,0.128433,0.114676,0,0,37563.7,37520,68,64,1,2,2,0.941176,0,0,34840,0,0.998596,104906,102912,34810.6
a8234981b827235e9d5af19fee4e39ee,3.00747,8.0099,3.35755,0,0,0,2.50665,1.65506,0.09864,0,0.150658,0.150658,0.149418,25241.9,65418.1,118,682.2,5.78136,2,6.78136,1,23164,0,1.00156,69043,185541,77774.3,385,0,22715,0,0,22715,413,0.0166206,0,0.982143,0,0,0.980616,0.0178571,0,0,0,0,0,0,-nan,0,0,0,0,0,0,0,0,0,0,0,1,0,1,1,1,413,0,0,0,3.01215,2.94643,0.998881,2.4921,2.38217,0.00837269,0,0.146292,0.129234,0,0,25141.3,25102.7,59,55,1,2,2,0.932203,0,0,23128,0,0.998446,69665,68145,23102.1
a9e5916d32c8cff463cf5292d3467d6e,3.02969,7.90037,3.26256,0,0,0,2.70171,1.97645,0.0892766,0,0.128949,0.128949,0.127858,53030.4,136162,134,748.385,5.58496,2,6.58496,1,49040,0,0.995837,146320,387434,159996,720,0,48240,0,0,48240,1005,0.0146819,0,0.979592,0,0,0.983687,0.0204082,0,0,0,0,0,0,-nan,0,0,0,0,0,0,0,0,0,0,0,1,0,1,1,1,1005,0,0,0,3.01708,2.93878,0.99849,2.33561,2.21318,0.0105204,0,0.15718,0.143726,0,0,53964.3,53852.9,52,48,1,2,2,0.923077,0,0,49245,0,1.00418,148576,144720,49170.7
aa1c985880a4ad5250f6fef649e91d89,3.02148,7.36035,2.94585,0,0,0,1.90038,1.76819,0.11931,0,0.216397,0.216397,0.214214,25859.3,61128.1,66,330,5,2,6,1,22900,0,1.00136,67976,168552,67460,672,0,22176,0,0,22176,693,0.029345,0,0.969697,0,0,0.968384,0.030303,0,0,0,0,0,0,-nan,0,0,0,0,0,0,0,0,0,0,0,1,0,1,1,1,693,0,0,0,3.02558,2.90909,0.996753,1.91763,1.76777,0.0185034,0,0.215464,0.195909,-1.77636e-15,0,25754.4,25641,36,32,1,2,2,0.888889,0,0,22869,0,0.998646,69192,66528,22794.7
aa658b4c61db2d1272be047080bf6535,2.99581,7.73392,3.22835,0,0,0,2.2408,1.48314,0.112079,0,0.194051,0.194051,0.192245,10020.4,25208.1,96,530.262,5.52356,2,6.52356,1,9066,0,1.00465,26964,70115.7,29268.2,184,0,8832,0,0,8832,192,0.0202956,0,0.978723,0,0,0.974189,0.0212766,0,0,0,0,0,0,-nan,0,0,0,0,0,0,0,0,0,0,0,1,0,1,1,1,192,0,0,0,3.00975,2.93617,0.998515,2.27558,2.16248,0.0101979,0,0.172484,0.148549,0,0,9912.59,9892.52,50,46,1,2,2,0.92,0,0,9024,0,0.995367,27160,26496,9010.6
ad74aeebd83fa9bcbffbb06288c60eff,3.01428,7.5224,3.05673,0,0,0,2.00733,1.63036,0.114835,0,0.201184,0.201184,0.199038,19440.5,47131.5,76,395.918,5.20945,2,6.20945,1,17364,0,1.00208,51600,130619,53077,444,0,16872,0,0,16872,456,0.0255701,0,0.973684,0,0,0.971666,0.0263158,0,0,0,0,0,0,-nan,0,0,0,0,0,0,0,0,0,0,0,1,0,1,1,1,456,0,0,0,3.02054,2.92105,0.997563,2.0553,1.91799,0.0149454,0,0.196489,0.175565,0,0,19311.5,19247.5,41,37,1,2,2,0.902439,0,0,17328,0,0.997927,52340,50616,17285.8
afea5363b4ad1f9c1162f580bb30183b,3.02175,7.32027,2.92215,0,0,0,1.86929,1.75022,0.120833,0,0.222441,0.222441,0.220105,23219,54560.7,64,317.069,4.9542,2,5.9542,1,20510,0,1.00146,60860,150139,59933.3,620,0,19840,0,0,19840,640,0.0302292,0,0.96875,0,0,0.967333,0.03125,0,0,0,0,0,0,-nan,0,0,0,0,0,0,0,0,0,0,0,1,0,1,1,1,640,0,0,0,3.02617,2.90625,0.996561,1.88816,1.73618,0.0192959,0,0.221345,0.200622,-1.77636e-15,0,23118.4,23010.7,35,31,1,2,2,0.885714,0,0,20480,0,0.998537,61976,59520,20409.6
b433c227c96868bf308ed207d57ef5f7,3.01286,7.87865,3.27003,0,0,0,2.37811,1.69149,0.101063,0,0.157595,0.157595,0.156206,29062,74029.7,106,595.159,5.61471,2,6.61471,1,26521,0,1.00079,79012,208950,86724.5,490,0,25970,0,0,25970,530,0.0184759,0,0.98,0,0,0.979224,0.02,0,0,0,0,0,0,-nan,0,0,0,0,0,0,0,0,0,0,0,1,0,1,1,1,530,0,0,0,3.01525,2.94,0.998575,2.35702,2.2381,0.0100502,0,0.157966,0.141441,0,0,29002.3,28945.8,53,49,1,2,2,0.924528,0,0,26500,0,0.999208,79904,77910,26462.2
ba7fc9676aceba469a8ed2416542f4ef,2.99393,8.56196,3.70271,0,0,0,3.14315,1.62211,0.0884468,0,0.122145,0.122145,0.121573,25964.9,71738.6,184,1185.5,6.44294,2,7.44294,1,24366,0,1.00321,72744,208621,90220.2,261,0,24012,0,0,24012,276,0.0107116,0,0.988636,0,0,0.985472,0.0113636,0,0,0,0,0,0,-nan,0,0,0,0,0,0,0,0,0,0,0,1,0,1,1,1,276,0,0,0,3.00354,2.96591,0.999584,3.11651,3.03765,0.00392533,0,0.101202,0.0897034,0,0,25805.1,25790.3,91,87,1,2,2,0.956044,0,0,24288,0,0.996799,72950,72036,24277.9
bbfd5728b7b86c2d0ec8b8bd31b90afb,3.00682,8.31995,3.54238,0,0,0,3.02582,1.77849,0.0869803,0,0.120664,0.120664,0.119886,32302,87086.4,170,1041.98,6.12928,2,7.12928,1,30188,0,1.00043,90126,251163,106937,350,0,29750,0,0,29750,425,0.011594,0,0.985915,0,0,0.985491,0.0140845,0,0,0,0,0,0,-nan,0,0,0,0,0,0,0,0,0,0,0,1,0,1,1,1,425,0,0,0,3.00812,2.95775,0.999316,2.80399,2.70918,0.00578079,0,0.121488,0.106792,0,0,32385.5,32354.9,74,70,1,2,2,0.945946,0,0,30175,0,0.999569,90770,89250,30154.4
bcfc994df7acaaadb3c90979f974f5f5,3.00368,7.48408,3.06118,0,0,0,1.98741,1.49346,0.118923,0,0.217842,0.217842,0.2153,9764.92,23653.3,76,395.918,5.20945,2,6.20945,1,8700,0,1.00416,25836,65111.5,26632.3,222,0,8436,0,0,8436,228,0.0255172,0,0.973684,0,0,0.969655,0.0263158,0,0,0,0,0,0,-nan,0,0,0,0,0,0,0,0,0,0,0,1,0,1,1,1,228,0,0,0,3.01616,2.92105,0.997662,2.0495,1.91799,0.0143823,0,0.203228,0.175565,0,0,9654.38,9623.76,41,37,1,2,2,0.902439,0,0,8664,0,0.995862,26132,25308,8643.75
bdfbb858eb9f7613050c56fc2dfeab5b,3.01258,8.46798,3.61294,0,0,0,3.32833,1.94609,0.0783446,0,0.0994313,0.0994313,0.0988318,59005,161620,204,1278.42,6.26679,2,7.26679,1,55624,0,0.998779,166226,471023,200966,539,0,54978,0,0,54978,714,0.00969006,0,0.987179,0,0,0.988386,0.0128205,0,0,0,0,0,0,-nan,0,0,0,0,0,0,0,0,0,0,0,1,0,1,1,1,714,0,0,0,3.00891,2.96154,0.999413,2.94236,2.84901,0.00518944,0,0.110768,0.0989591,0,0,59500.7,59452.5,81,77,1,2,2,0.950617,0,0,55692,0,1.00122,167572,164934,55659.3
be14a93154e8abed3b18d077a1dc1ee4,3.00487,8.76656,3.78723,0,0,0,3.47001,1.85437,0.0763356,0,0.0924123,0.0924123,0.0919626,69696.4,195898,222,1468.47,6.61471,2,7.61471,1,65971,0,1.00056,197210,578339,249847,588,0,65268,0,0,65268,666,0.00891301,0,0.989899,0,0,0.989344,0.010101,0,0,0,0,0,0,-nan,0,0,0,0,0,0,0,0,0,0,0,1,0,1,1,1,666,0,0,0,3.00655,2.9697,0.999638,3.31425,3.23249,0.00361884,0,0.0912958,0.081462,0,0,69708.5,69673.4,102,98,1,2,2,0.960784,0,0,65934,0,0.999439,198234,195804,65910.1
bf39d6b15f11081a1418025171bd8bc3,3.785,4.16491,1.17102,0,0,0,4.29793,4.31301,0.426488,0,0.541889,0.541889,0.513113,150602,164950,600,2452.48,4.08746,2,3,1,97489,0,0.999887,205178,406033,114161,86989,0,96900,0,0,10200,600,0.892296,0,0.993846,0,0,0.104627,0.00615385,0,0,0,0,0,0,-nan,0,0,0,0,0,0,0,0,0,0,0,1,0,1,1,1,600,0,0,0,3.78457,2.09231,0.906087,1.33663,0.560659,0.300179,0,0.536875,0.0540464,0.483458,0,131826,99352.5,20,17,1,2,2,0.111111,0,0,97500,0,1.00011,368996,204000,88343.5
c22eb3d59b380bee189dfef73cfa4c23,3.00385,8.60583,3.69627,0,0,0,3.11584,1.75421,0.0826327,0,0.105907,0.105907,0.105326,59147.3,163315,180,1159.73,6.44294,2,7.44294,1,55514,0,1.00133,165838,477744,205195,609,0,54810,0,0,54810,630,0.0109702,0,0.988636,0,0,0.987319,0.0113636,0,0,0,0,0,0,-nan,0,0,0,0,0,0,0,0,0,0,0,1,0,1,1,1,630,0,0,0,3.00786,2.96591,0.999538,3.12543,3.03765,0.00434768,0,0.100245,0.0897034,-1.77636e-15,0,58906.8,58869.1,91,87,1,2,2,0.956044,0,0,55440,0,0.998667,166756,164430,55414.4
c2fe8d1dc9a8c974c96a0f3bd51b7fda,2.99987,8.42692,3.60714,0,0,0,2.89058,1.64887,0.0899513,0,0.124988,0.124988,0.124234,32734.8,88844.6,156,977.619,6.26679,2,7.26679,1,30496,0,1.0025,91022,256988,110003,385,0,30030,0,0,30030,390,0.0126246,0,0.987179,0,0,0.984719,0.0128205,0,0,0,0,0,0,-nan,0,0,0,0,0,0,0,0,0,0,0,1,0,1,1,1,390,0,0,0,3.00736,2.96154,0.999432,2.93938,2.84901,0.00503707,0,0.112403,0.0989591,0,0,32499.6,32474,81,77,1,2,2,0.950617,0,0,30420,0,0.997508,91484,90090,30402.7
c3f0475203b3e88ebfa7b418c9a6507a,3.01983,7.30802,2.92845,0,0,0,1.89319,1.60351,0.120227,0,0.225818,0.225818,0.222927,12314.5,29000.5,68,336.885,4.9542,2,5.9542,1,10892,0,1.0011,32324,79599,31896.7,310,0,10540,0,0,10540,340,0.0284613,0,0.96875,0,0,0.967683,0.03125,0,0,0,0,0,0,-nan,0,0,0,0,0,0,0,0,0,0,0,1,0,1,1,1,340,0,0,0,3.02316,2.90625,0.99664,1.88455,1.73618,0.0188951,0,0.22796,0.200622,0,0,12280.3,12224.4,35,31,1,2,2,0.885714,0,0,10880,0,0.998898,32892,31620,10843.4
c45d89068c172f2e097a63c5b857faf7,3.01798,7.99328,3.33415,0,0,0,2.66521,1.81211,0.0924749,0,0.136079,0.136079,0.134942,34692.6,89974.9,132,756.086,5.72792,2,6.72792,1,32032,0,0.998628,95546,256041,106799,477,0,31482,0,0,31482,594,0.0148914,0,0.981481,0,0,0.98283,0.0185185,0,0,0,0,0,0,-nan,0,0,0,0,0,0,0,0,0,0,0,1,0,1,1,1,594,0,0,0,3.01384,2.94444,0.998778,2.44908,2.33513,0.00896405,0,0.148763,0.13304,0,0,34942.9,34884.4,57,53,1,2,2,0.929825,0,0,32076,0,1.00137,96672,94446,32036.8
c48dc028cfa356cdb394644dcebcc402,2.99234,8.46167,3.64921,0,0,0,2.97953,1.57209,0.0922398,0,0.131858,0.131858,0.131193,21944.9,60000.7,166,1052.42,6.33985,2,7.33985,1,20496,0,1.00382,61161,173430,74794.3,243,0,20169,0,0,20169,249,0.011856,0,0.987805,0,0,0.984046,0.0121951,0,0,0,0,0,0,-nan,0,0,0,0,0,0,0,0,0,0,0,1,0,1,1,1,249,0,0,0,3.00377,2.96341,0.999522,3.00759,2.92593,0.00435126,0,0.107451,0.0950172,0,0,21762,21747.6,85,81,1,2,2,0.952941,0,0,20418,0,0.996194,61331,60507,20408.2
c6d5270bb87f2537d6551aeae6c6cae8,3.02712,7.24946,2.87367,0,0,0,1.85231,1.80178,0.121648,0,0.227699,0.227699,0.225264,23227.6,54007.8,62,301.195,4.85798,2,5.85798,1,20467,0,1.00034,60712,148375,58815.3,638,0,19778,0,0,19778,682,0.0311721,0,0.966667,0,0,0.966336,0.0333333,0,0,0,0,0,0,-nan,0,0,0,0,0,0,0,0,0,0,0,1,0,1,1,1,682,0,0,0,3.02815,2.9,0.996102,1.82857,1.67126,0.021159,0,0.232324,0.210842,0,0,23213.6,23091.1,33,29,1,2,2,0.878788,0,0,20460,0,0.999658,61956,59334,20380.3
c7764e28b217741995d20673822da9e4,3.02097,7.53836,3.06204,0,0,0,2.11501,1.68534,0.110155,0,0.189633,0.189633,0.187559,19535.4,47596.4,84,437.594,5.20945,2,6.20945,1,17552,0,0.999772,52198,132313,53744.9,407,0,17094,0,0,17094,462,0.0231882,0,0.973684,0,0,0.973906,0.0263158,0,0,0,0,0,0,-nan,0,0,0,0,0,0,0,0,0,0,0,1,0,1,1,1,462,0,0,0,3.02028,2.92105,0.997569,2.05495,1.91799,0.0149113,0,0.196994,0.175565,0,0,19565.4,19500.8,41,37,1,2,2,0.902439,0,0,17556,0,1.00023,53024,51282,17513.3
cb7c92ddeefbad0cbb33b81090257349,3.01576,7.83227,3.24068,0,0,0,2.3798,1.71524,0.100892,0,0.158493,0.158493,0.157046,27887.4,70696.8,106,588.786,5.55459,2,6.55459,1,25441,0,1.00004,75792,199261,82446.2,470,0,24910,0,0,24910,530,0.0184741,0,0.979167,0,0,0.979128,0.0208333,0,0,0,0,0,0,-nan,0,0,0,0,0,0,0,0,0,0,0,1,0,1,1,1,530,0,0,0,3.01588,2.9375,0.998457,2.30938,2.18797,0.0106577,0,0.163308,0.146094,0,0,27912.8,27853.9,51,47,1,2,2,0.921569,0,0,25440,0,0.999961,76724,74730,25400.8
d02dd68d5348fe732594a41ae3594c72,3.06444,7.42083,2.95234,0,0,0,2.63432,2.1634,0.0910292,0,0.147569,0.147569,0.145699,26020.6,63075.2,126,624.229,4.9542,2,5.9542,1,23881,0,0.987145,71198,177217,70504.9,372,0,23436,0,0,23436,756,0.0155772,0,0.96875,0,0,0.981366,0.03125,0,0,0,0,0,0,-nan,0,0,0,0,0,0,0,0,0,0,0,1,0,1,1,1,756,0,0,0,3.02505,2.90625,0.99659,1.88681,1.73618,0.0191445,0,0.223839,0.200622,0,0,27307.5,27181.4,35,31,1,2,2,0.885714,0,0,24192,0,1.01302,73182,70308,24109.5
d09fadeee3d033a8f60a8ca4dbb450f2,2.99157,8.32076,3.57272,0,0,0,2.82668,1.54116,0.0962752,0,0.143318,0.143318,0.14252,17994.9,48514.6,150,928.474,6.18982,2,7.18982,1,16720,0,1.0042,49865,139123,59735.9,219,0,16425,0,0,16425,225,0.0130981,0,0.986486,0,0,0.982356,0.0135135,0,0,0,0,0,0,-nan,0,0,0,0,0,0,0,0,0,0,0,1,0,1,1,1,225,0,0,0,3.00414,2.95946,0.999415,2.85592,2.76997,0.00505377,0,0.117164,0.103275,0,0,17832.1,17817.7,77,73,1,2,2,0.948052,0,0,16650,0,0.995813,50019,49275,16640.3
d2b4eb73cc89519230f354b5bce1b6ff,3.00674,8.44933,3.61008,0,0,0,3.09906,1.79398,0.0839337,0,0.111422,0.111422,0.110747,44462.6,121243,178,1115.49,6.26679,2,7.26679,1,41673,0,1.0005,124464,352109,150443,462,0,41118,0,0,41118,534,0.0110863,0,0.987179,0,0,0.986682,0.0128205,0,0,0,0,0,0,-nan,0,0,0,0,0,0,0,0,0,0,0,1,0,1,1,1,534,0,0,0,3.00826,2.96154,0.999421,2.94111,2.84901,0.00512604,0,0.111584,0.0989591,-1.77636e-15,0,44500.1,44464.5,81,77,1,2,2,0.950617,0,0,41652,0,0.999496,125300,123354,41627.9
d3a988a56f42c5c04843e6393b4f967e,3.0038,8.62096,3.70471,0,0,0,3.13356,1.75735,0.082242,0,0.104937,0.104937,0.104367,60452.5,167165,182,1175.62,6.45943,2,7.45943,1,56768,0,1.00132,169592,489394,210309,616,0,56056,0,0,56056,637,0.0108512,0,0.988764,0,0,0.987458,0.011236,0,0,0,0,0,0,-nan,0,0,0,0,0,0,0,0,0,0,0,1,0,1,1,1,637,0,0,0,3.00778,2.96629,0.999548,3.14316,3.05588,0.00427656,0,0.0992959,0.0888797,0,0,60208.4,60170.7,92,88,1,2,2,0.956522,0,0,56693,0,0.998679,170520,168168,56667.4
d3b1884451245b99d170eb801be81625,3.00821,8.28853,3.51886,0,0,0,2.93419,1.77106,0.0878063,0,0.122069,0.122069,0.121244,35539.2,95334.8,160,973.994,6.08746,2,7.08746,1,33132,0,1.00036,98904,274616,116587,408,0,32640,0,0,32640,480,0.0123144,0,0.985507,0,0,0.98515,0.0144928,0,0,0,0,0,0,-nan,0,0,0,0,0,0,0,0,0,0,0,1,0,1,1,1,480,0,0,0,3.0093,2.95652,0.999264,2.7658,2.66789,0.00612598,0,0.123646,0.109286,0,0,35598.1,35562,72,68,1,2,2,0.944444,0,0,33120,0,0.999638,99668,97920,33095.6
d683cd050e0810ae9603c55ae46544fe,3.0005,8.49197,3.6493,0,0,0,3.12976,1.71483,0.0862151,0,0.117259,0.117259,0.11662,31885,87437.5,182,1153.85,6.33985,2,7.33985,1,29901,0,1.00178,89286,253918,109118,324,0,29484,0,0,29484,364,0.0108358,0,0.987805,0,0,0.986054,0.0121951,0,0,0,0,0,0,-nan,0,0,0,0,0,0,0,0,0,0,0,1,0,1,1,1,364,0,0,0,3.00583,2.96341,0.999498,3.0117,2.92593,0.0045641,0,0.108142,0.0950172,1.77636e-15,0,31813.8,31791.7,85,81,1,2,2,0.952941,0,0,29848,0,0.998227,89718,88452,29833
e19098257f224e21f8f86c836175c886,3.03631,7.08768,2.76087,0,0,0,1.87023,2.26334,0.126317,0,0.245704,0.245704,0.243736,40948.7,92640.3,102,473.673,4.64386,2,5.64386,1,35776,0,0.999274,105977,253569,98772.8,1275,0,34425,0,0,34425,1377,0.0356384,0,0.961538,0,0,0.962237,0.0384615,0,0,0,0,0,0,-nan,0,0,0,0,0,0,0,0,0,0,0,1,0,1,1,1,1377,0,0,0,3.0341,2.88462,0.994829,1.70426,1.53333,0.0260633,0,0.255211,0.235193,-1.77636e-15,0,41106.5,40819.6,29,25,1,2,2,0.862069,0,0,35802,0,1.00073,108627,103275,35616.9
e480ffe4dc715dea01cbeddbe4fe21c0,3.02016,7.66568,3.14193,0,0,0,2.2857,1.71032,0.104432,0,0.172485,0.172485,0.170695,20405.9,50709.1,98,525.04,5.35755,2,6.35755,1,18506,0,0.999136,55093,141861,58144.5,369,0,18081,0,0,18081,441,0.0199395,0,0.97619,0,0,0.977034,0.0238095,0,0,0,0,0,0,-nan,0,0,0,0,0,0,0,0,0,0,0,1,0,1,1,1,441,0,0,0,3.01755,2.92857,0.998013,2.15933,2.03026,0.0128307,0,0.183135,0.162326,-1.77636e-15,0,20499.1,20443.7,45,41,1,2,2,0.911111,0,0,18522,0,1.00086,55891,54243,18485.2
e7d57848b12fa0251177e7a7bec50e89,3.00767,8.34419,3.55054,0,0,0,2.99013,1.77874,0.0864546,0,0.11828,0.11828,0.117511,38404.6,103617,166,1020.86,6.14975,2,7.14975,1,35871,0,1.00042,107100,299314,127361,426,0,35358,0,0,35358,498,0.0118759,0,0.986111,0,0,0.985699,0.0138889,0,0,0,0,0,0,-nan,0,0,0,0,0,0,0,0,0,0,0,1,0,1,1,1,498,0,0,0,3.00892,2.95833,0.999323,2.82544,2.7296,0.00575892,0,0.119323,0.105591,1.77636e-15,0,38456.5,38420.6,75,71,1,2,2,0.946667,0,0,35856,0,0.999582,107888,106074,35831.7
e9ebcb73db1a521e6a41a3c4dd81d6e3,3.00298,8.34653,3.56008,0,0,0,2.91143,1.6971,0.0895516,0,0.125578,0.125578,0.12478,30997.7,83598.2,158,974.848,6.16993,2,7.16993,1,28882,0,1.00163,86204,241065,102822,360,0,28440,0,0,28440,395,0.0124645,0,0.986301,0,0,0.984696,0.0136986,0,0,0,0,0,0,-nan,0,0,0,0,0,0,0,0,0,0,0,1,0,1,1,1,395,0,0,0,3.00787,2.9589,0.999353,2.8433,2.74986,0.00554902,0,0.118773,0.104419,0,0,30904.7,30877.1,76,72,1,2,2,0.947368,0,0,28835,0,0.998373,86732,85320,28816.3
eaf2d1c81c8bf55eb072dd1630db6255,3.01505,7.80253,3.22396,0,0,0,2.33251,1.69659,0.102543,0,0.163148,0.163148,0.161632,26345.5,66505.7,102,563.403,5.52356,2,6.52356,1,23979,0,1.00038,71418,187097,77307.3,460,0,23460,0,0,23460,510,0.0191835,0,0.978723,0,0,0.978356,0.0212766,0,0,0,0,0,0,-nan,0,0,0,0,0,0,0,0,0,0,0,1,0,1,1,1,510,0,0,0,3.01619,2.93617,0.998394,2.28514,2.16248,0.0109812,0,0.166205,0.148549,0,0,26334.8,26277,50,46,1,2,2,0.92,0,0,23970,0,0.999625,72298,70380,23931.5
eb2ae7ea75b456ccbcc52dbb03d123e7,2.99919,8.68768,3.75758,0,0,0,3.3015,1.72481,0.0823237,0,0.106531,0.106531,0.106022,40802.5,113895,202,1324.03,6.55459,2,7.55459,1,38455,0,1.00195,114886,334085,144498,376,0,37976,0,0,37976,404,0.00977766,0,0.989474,0,0,0.987544,0.0105263,0,0,0,0,0,0,-nan,0,0,0,0,0,0,0,0,0,0,0,1,0,1,1,1,404,0,0,0,3.00505,2.96842,0.999624,3.24271,3.16303,0.00368014,0,0.0955273,0.0842624,0,0,40645.2,40624.1,98,94,1,2,2,0.959184,0,0,38380,0,0.99805,115334,113928,38365.6
eb5a850633cd6125ca173d7a7dc0788d,3.01117,7.89755,3.28688,0,0,0,2.42017,1.67244,0.100641,0,0.157342,0.157342,0.155946,24576,62832.8,110,620.824,5.64386,2,6.64386,1,22461,0,1.00094,66922,177387,73826.7,400,0,22000,0,0,22000,440,0.0178086,0,0.980392,0,0,0.979476,0.0196078,0,0,0,0,0,0,-nan,0,0,0,0,0,0,0,0,0,0,0,1,0,1,1,1,440,0,0,0,3.01399,2.94118,0.998646,2.37901,2.26274,0.00965851,0,0.157065,0.139233,0,0,24528.8,24483.3,54,50,1,2,2,0.925926,0,0,22440,0,0.999065,67634,66000,22409.6
ee9c16368480979625d17b8d71fb7235,3.02019,7.39554,2.96924,0,0,0,1.92091,1.7373,0.118232,0,0.212549,0.212549,0.210377,24790.6,58924.6,68,343.019,5.04439,2,6.04439,1,21996,0,1.00146,65310,162672,65311.5,627,0,21318,0,0,21318,646,0.0285052,0,0.970588,0,0,0.969176,0.0294118,0,0,0,0,0,0,-nan,0,0,0,0,0,0,0,0,0,0,0,1,0,1,1,1,646,0,0,0,3.02459,2.91176,0.99694,1.94611,1.7988,0.0177089,0,0.211049,0.191433,0,0,24679.1,24576.7,37,33,1,2,2,0.891892,0,0,21964,0,0.998545,66432,63954,21896.8
f070212005541e8b1ef67941ae35a4a9,3.03254,7.43153,2.97165,0,0,0,2.12418,2.29801,0.111698,0,0.190779,0.190779,0.189538,79989.7,191253,114,575.061,5.04439,2,6.04439,1,71570,0,0.998103,212737,531875,212681,1881,0,69597,0,0,69597,2109,0.026282,0,0.970588,0,0,0.972433,0.0294118,0,0,0,0,0,0,-nan,0,0,0,0,0,0,0,0,0,0,0,1,0,1,1,1,2109,0,0,0,3.02679,2.91176,0.996885,1.94882,1.7988,0.0179912,0,0.204386,0.191433,0,0,80576.3,80235.6,37,33,1,2,2,0.891892,0,0,71706,0,1.0019,217039,208791,71482.7
f21b1bd3d4d67717b4645ff5a491006b,3.00246,8.43716,3.60645,0,0,0,2.91189,1.68837,0.0882532,0,0.120414,0.120414,0.119678,39726.5,107881,158,990.152,6.26679,2,7.26679,1,37043,0,1.00192,110584,312538,133594,462,0,36498,0,0,36498,474,0.012472,0,0.987179,0,0,0.985287,0.0128205,0,0,0,0,0,0,-nan,0,0,0,0,0,0,0,0,0,0,0,1,0,1,1,1,474,0,0,0,3.00822,2.96154,0.999422,2.94104,2.84901,0.00512273,0,0.111672,0.0989591,1.77636e-15,0,39500,39468.5,81,77,1,2,2,0.950617,0,0,36972,0,0.998083,111220,109494,36950.6
f2b935fd39904cf065a2c37cfc8c7e86,3.01148,8.02072,3.36057,0,0,0,2.61699,1.72329,0.0952663,0,0.142884,0.142884,0.141712,27231.9,70811.7,128,740.014,5.78136,2,6.78136,1,25094,0,1.00024,74828,201272,84330.3,385,0,24640,0,0,24640,448,0.0153423,0,0.982143,0,0,0.981908,0.0178571,0,0,0,0,0,0,-nan,0,0,0,0,0,0,0,0,0,0,0,1,0,1,1,1,448,0,0,0,3.0122,2.94643,0.99888,2.49218,2.38217,0.00837764,0,0.146184,0.129234,0,0,27271.9,27230,59,55,1,2,2,0.932203,0,0,25088,0,0.999761,75570,73920,25059.9
f3323748ff8451355f2ddb00c596bb1b,3.0071,8.16593,3.44679,0,0,0,2.6774,1.69382,0.0935764,0,0.135957,0.135957,0.13495,32004.4,84468.6,134,797.862,5.9542,2,6.9542,1,29584,0,1.00125,88246,241581,101970,434,0,29078,0,0,29078,469,0.0146701,0,0.984127,0,0,0.982896,0.015873,0,0,0,0,0,0,-nan,0,0,0,0,0,0,0,0,0,0,0,1,0,1,1,1,469,0,0,0,3.01086,2.95238,0.99911,2.64369,2.54,0.00706575,0,0.13261,0.117595,0,0,31909.6,31870.5,66,62,1,2,2,0.939394,0,0,29547,0,0.998749,88962,87234,29520.7
fbb29be5f6fe9175bdb96bcf5c986214,3.0071,8.16773,3.44501,0,0,0,2.63678,1.68866,0.0940681,0,0.13631,0.13631,0.135305,35532.3,93678.8,130,774.046,5.9542,2,6.9542,1,32807,0,1.00143,97854,267959,113020,496,0,32240,0,0,32240,520,0.0151187,0,0.984127,0,0,0.982717,0.015873,0,0,0,0,0,0,-nan,0,0,0,0,0,0,0,0,0,0,0,1,0,1,1,1,520,0,0,0,3.01142,2.95238,0.999102,2.64464,2.54,0.0071246,0,0.131823,0.117595,0,0,35379.9,35336.2,66,62,1,2,2,0.939394,0,0,32760,0,0.998567,98654,96720,32730.6
fe48fae5e2539a52b42ec969595a49cc,3.00855,8.38352,3.57193,0,0,0,3.08216,1.81554,0.0843634,0,0.113336,0.113336,0.112619,41722.4,113115,176,1089.41,6.18982,2,7.18982,1,39074,0,1.00005,116692,327578,139570,438,0,38544,0,0,38544,528,0.0112095,0,0.986486,0,0,0.986436,0.0135135,0,0,0,0,0,0,-nan,0,0,0,0,0,0,0,0,0,0,0,1,0,1,1,1,528,0,0,0,3.0087,2.95946,0.999358,2.86454,2.76997,0.00553512,0,0.116591,0.103275,0,0,41849.3,41812.2,77,73,1,2,2,0.948052,0,0,39072,0,0.999949,117556,115632,39046.9
fe9ef6d2e599e526f0385c1982e2ed42,3.00375,8.64901,3.72319,0,0,0,3.23746,1.78008,0.0808619,0,0.102487,0.102487,0.101945,56326.1,156399,194,1259.42,6.49185,2,7.49185,1,53021,0,1.00111,158422,458579,197407,540,0,52380,0,0,52380,582,0.0101846,0,0.989011,0,0,0.98791,0.010989,0,0,0,0,0,0,-nan,0,0,0,0,0,0,0,0,0,0,0,1,0,1,1,1,582,0,0,0,3.0071,2.96703,0.999572,3.17726,3.092,0.00409264,0,0.0980513,0.0872806,0,0,56191.6,56158.3,94,90,1,2,2,0.957447,0,0,52962,0,0.998887,159262,157140,52939.4
ff06fb1ececa96c7e51ebf7ff614e74b,3.01733,7.52911,3.0597,0,0,0,2.06037,1.64886,0.112589,0,0.195938,0.195938,0.193801,18683.2,45408.9,80,416.756,5.20945,2,6.20945,1,16736,0,1.00096,49752,126007,51207.2,407,0,16280,0,0,16280,440,0.0243188,0,0.973684,0,0,0.972753,0.0263158,0,0,0,0,0,0,-nan,0,0,0,0,0,0,0,0,0,0,0,1,0,1,1,1,440,0,0,0,3.02022,2.92105,0.997571,2.05487,1.91799,0.0149036,0,0.197142,0.175565,0,0,18633.7,18572.2,41,37,1,2,2,0.902439,0,0,16720,0,0.999044,50498,48840,16679.4
